{
  "train": {
    "sharpe": 0.508481768311623,
    "net_pnl": 0.25078153218962657,
    "accuracy": 0.5018315018315018,
    "gated_vs_ungated": {
      "gated_sharpe": 0.508481768311623,
      "ungated_sharpe": 1.1870292887817144,
      "gated_pnl": 0.25078153218962657,
      "ungated_pnl": 0.9102646698429194
    }
  },
  "val": {
    "sharpe": -0.08028255586784795,
    "net_pnl": -0.01668990836594597,
    "accuracy": 0.4044943820224719,
    "gated_vs_ungated": {
      "gated_sharpe": -0.08028255586784795,
      "ungated_sharpe": 0.07062370261421015,
      "gated_pnl": -0.01668990836594597,
      "ungated_pnl": 0.020223709133454504
    }
  },
  "test": {
    "sharpe": 0.8711490535755364,
    "net_pnl": 0.16948856068693136,
    "accuracy": 0.45555555555555555,
    "gated_vs_ungated": {
      "gated_sharpe": 0.8711490535755364,
      "ungated_sharpe": 1.1248011516237555,
      "gated_pnl": 0.16948856068693136,
      "ungated_pnl": 0.24555862039534315
    }
  },
  "holdout": {
    "sharpe": -0.5058307362073693,
    "net_pnl": -0.0472966333902915,
    "accuracy": 0.425531914893617,
    "gated_vs_ungated": {
      "gated_sharpe": -0.5058307362073693,
      "ungated_sharpe": 0.4205395466546209,
      "gated_pnl": -0.0472966333902915,
      "ungated_pnl": 0.06633998231223381
    }
  }
}