{
  "data_dir": "/Users/Shared/wsl-export/wsl-home/data/dqn_dev_test",
  "episodes": 50,
  "criteria": {
    "max_drawdown_pct": 15.0,
    "max_annual_turnover": 250.0,
    "min_activity_pct": 5.0,
    "min_sharpe": 0.0
  },
  "candidates": [
    {
      "name": "/Users/Shared/wsl-export/wsl-home/dsp100k/checkpoints/sweep_di15_fixed_v3/best_model.pt",
      "cagr_proxy": -0.0007929609792429737,
      "sharpe_ratio": -24.218499359005296,
      "activity_pct": 53.57142857142857,
      "max_drawdown_pct": 0.015591373370457538,
      "annual_turnover": 44.861543999999995,
      "gates_passed": false,
      "action_distribution": {
        "0": 0.9036507936507937,
        "1": 0.0880952380952381,
        "2": 0.006031746031746032,
        "3": 0.0019047619047619048,
        "4": 0.00031746031746031746
      }
    },
    {
      "name": "/Users/Shared/wsl-export/wsl-home/dsp100k/checkpoints/sweep_di15_fixed_v3/final_model.pt",
      "cagr_proxy": -0.00383738164585945,
      "sharpe_ratio": -77.44985732025845,
      "activity_pct": 92.85714285714286,
      "max_drawdown_pct": 0.07445864032235369,
      "annual_turnover": 224.981064,
      "gates_passed": false,
      "action_distribution": {
        "0": 0.4026984126984127,
        "1": 0.2896825396825397,
        "2": 0.010793650793650795,
        "3": 0.27,
        "4": 0.026825396825396825
      }
    }
  ],
  "best_model": null
}