{
  "config": {
    "data_dir": "/Users/Shared/wsl-export/wsl-home/data/dqn_dev_test",
    "episodes": 20,
    "seed": 42,
    "symbols": [
      "AAPL",
      "AMZN",
      "GOOGL",
      "META",
      "MSFT",
      "NVDA",
      "QQQ",
      "SPY",
      "TSLA"
    ],
    "num_dates": 128,
    "trading_minutes": 209
  },
  "results": {
    "always_flat": {
      "policy": "always_flat",
      "num_episodes": 20,
      "total_return": 0.0,
      "mean_episode_return": 0.0,
      "std_episode_return": 0.0,
      "sharpe_ratio": 0.0,
      "max_drawdown": 0.0,
      "mean_episode_length": 209.0,
      "mean_trades_per_episode": 0.0,
      "total_trades": 0,
      "mean_reward_per_step": 0.0,
      "std_reward_per_step": 0.0,
      "episode_returns": [
        0.0,
        0.0,
        0.0,
        0.0,
        0.0,
        0.0,
        0.0,
        0.0,
        0.0,
        0.0,
        0.0,
        0.0,
        0.0,
        0.0,
        0.0,
        0.0,
        0.0,
        0.0,
        0.0,
        0.0
      ]
    },
    "random": {
      "policy": "random",
      "num_episodes": 20,
      "total_return": -24.094892765832128,
      "mean_episode_return": -1.2047446382916065,
      "std_episode_return": 0.016022597767689575,
      "sharpe_ratio": -1193.6097076664034,
      "max_drawdown": 22.892028026936515,
      "mean_episode_length": 209.0,
      "mean_trades_per_episode": 1291.0,
      "total_trades": 25820,
      "mean_reward_per_step": -0.005764328412878513,
      "std_reward_per_step": 0.0019976785343401985,
      "episode_returns": [
        -1.2028647388956106,
        -1.225749643665705,
        -1.2037601964094238,
        -1.2453139527296002,
        -1.1968331247252992,
        -1.1817698834515344,
        -1.2182359452849425,
        -1.1843533375871236,
        -1.2177204781338389,
        -1.1860551238964774,
        -1.2084594191805962,
        -1.1996207665893168,
        -1.1844156787789306,
        -1.2090061241290018,
        -1.2003768862805133,
        -1.214255867366728,
        -1.2116617753344885,
        -1.1867877718041886,
        -1.2220988418284093,
        -1.1955532097604025
      ]
    }
  },
  "kill_tests": {
    "tests": {
      "flat_sharpe_zero": {
        "test": "FLAT policy Sharpe \u2248 0 (no look-ahead bias)",
        "condition": "abs(sharpe) < 0.1",
        "value": 0.0,
        "total_return": 0.0,
        "status": "PASS",
        "message": "No look-ahead bias detected"
      },
      "random_negative": {
        "test": "Random policy Sharpe < 0 (transaction costs work)",
        "condition": "sharpe < 0 AND total_return < 0",
        "sharpe": -1193.6097076664034,
        "total_return": -24.094892765832128,
        "status": "PASS",
        "message": "Transaction costs correctly dominate random trading"
      }
    },
    "overall_status": "PASS",
    "timestamp": "2026-01-02T17:06:25.901578"
  },
  "timestamp": "2026-01-02T17:06:25.901746"
}