{
  "config": {
    "data_dir": "/Users/Shared/wsl-export/wsl-home/data/dqn_dev_test",
    "episodes": 20,
    "seed": 42,
    "symbols": [
      "AAPL",
      "AMZN",
      "GOOGL",
      "META",
      "MSFT",
      "NVDA",
      "QQQ",
      "SPY",
      "TSLA"
    ],
    "num_dates": 128,
    "trading_minutes": 209
  },
  "results": {
    "always_flat": {
      "policy": "always_flat",
      "num_episodes": 20,
      "total_return": 0.0,
      "mean_episode_return": 0.0,
      "std_episode_return": 0.0,
      "sharpe_ratio": 0.0,
      "max_drawdown": 0.0,
      "mean_episode_length": 209.0,
      "mean_trades_per_episode": 0.0,
      "total_trades": 0,
      "mean_reward_per_step": 0.0,
      "std_reward_per_step": 0.0,
      "episode_returns": [
        0.0,
        0.0,
        0.0,
        0.0,
        0.0,
        0.0,
        0.0,
        0.0,
        0.0,
        0.0,
        0.0,
        0.0,
        0.0,
        0.0,
        0.0,
        0.0,
        0.0,
        0.0,
        0.0,
        0.0
      ]
    },
    "random": {
      "policy": "random",
      "num_episodes": 20,
      "total_return": -24.10457255940797,
      "mean_episode_return": -1.2052286279703985,
      "std_episode_return": 0.019207119111941562,
      "sharpe_ratio": -996.1104121865129,
      "max_drawdown": 22.889818958494097,
      "mean_episode_length": 209.0,
      "mean_trades_per_episode": 1291.0,
      "total_trades": 25820,
      "mean_reward_per_step": -0.0057666441529684274,
      "std_reward_per_step": 0.002000239338685188,
      "episode_returns": [
        -1.2147536009138706,
        -1.1933946797263044,
        -1.2171301911267107,
        -1.19860159911907,
        -1.1886420686323451,
        -1.186338703350356,
        -1.2223719602375673,
        -1.221708421814793,
        -1.1756861723579537,
        -1.205521920244931,
        -1.1894314042949194,
        -1.203672470854895,
        -1.2309763599342147,
        -1.1973741393653203,
        -1.1964991415547577,
        -1.2453139527296002,
        -1.1660252368149717,
        -1.221708421814793,
        -1.203672470854895,
        -1.225749643665705
      ]
    },
    "momentum": {
      "policy": "momentum",
      "num_episodes": 20,
      "total_return": -12.528337134818846,
      "mean_episode_return": -0.6264168567409423,
      "std_episode_return": 0.059602723397198555,
      "sharpe_ratio": -166.83900924633318,
      "max_drawdown": 11.910168453447893,
      "mean_episode_length": 209.0,
      "mean_trades_per_episode": 458.8,
      "total_trades": 9176,
      "mean_reward_per_step": -0.0029972098408657505,
      "std_reward_per_step": 0.003225952711254765,
      "episode_returns": [
        -0.6181686813709555,
        -0.6744475075892729,
        -0.6287465687673507,
        -0.6373140093238553,
        -0.6839383469421692,
        -0.6426848651405717,
        -0.7101204568196148,
        -0.7195736101470354,
        -0.6964591738528046,
        -0.5878379236239388,
        -0.6735546120454358,
        -0.47376651067068626,
        -0.5782293929610607,
        -0.5468179956558417,
        -0.6315186646028647,
        -0.6028195107569431,
        -0.5988500762304129,
        -0.5605474071910643,
        -0.5928466339254537,
        -0.6700951872015153
      ]
    },
    "mean_reversion": {
      "policy": "mean_reversion",
      "num_episodes": 20,
      "total_return": -12.176397225192302,
      "mean_episode_return": -0.6088198612596151,
      "std_episode_return": 0.06963991448865843,
      "sharpe_ratio": -138.7812685834462,
      "max_drawdown": 11.64319587068571,
      "mean_episode_length": 209.0,
      "mean_trades_per_episode": 453.45,
      "total_trades": 9069,
      "mean_reward_per_step": -0.0029130136902373906,
      "std_reward_per_step": 0.00252359303637905,
      "episode_returns": [
        -0.5332013545065919,
        -0.6764263902329454,
        -0.6814860335236759,
        -0.6630178190576194,
        -0.45599774724843484,
        -0.5016001476653486,
        -0.6260427768242686,
        -0.6814860335236759,
        -0.6303696538944678,
        -0.6484980476775434,
        -0.6223678793316624,
        -0.6192937507721058,
        -0.6738167810851928,
        -0.5395269749635917,
        -0.5395269749635917,
        -0.6538740183582183,
        -0.5808069734484627,
        -0.5041501421048437,
        -0.6684813357771159,
        -0.6764263902329454
      ]
    },
    "buy_and_hold": {
      "policy": "buy_and_hold",
      "num_episodes": 20,
      "total_return": -0.31206275380512016,
      "mean_episode_return": -0.015603137690256008,
      "std_episode_return": 0.02362541335127738,
      "sharpe_ratio": -10.484139613620972,
      "max_drawdown": 0.335072403805425,
      "mean_episode_length": 209.0,
      "mean_trades_per_episode": 6.0,
      "total_trades": 120,
      "mean_reward_per_step": -7.465616119739717e-05,
      "std_reward_per_step": 0.0014756815677644556,
      "episode_returns": [
        -0.007308128875777583,
        0.004109902192553364,
        -0.005851617252360938,
        0.031142726586480873,
        0.0009167673494091567,
        -0.03698129562560826,
        -0.00037621838971790486,
        -0.045187255783062485,
        0.01174032886051191,
        -0.005851617252360938,
        -0.040360030852681805,
        -0.0007228720376274388,
        -0.05245532487272431,
        -0.03576784915806275,
        -0.017110907767928892,
        -0.009651487165981961,
        -0.010630612502310895,
        0.009289099943302518,
        -0.04671779142519472,
        -0.05428856977597707
      ]
    },
    "rsi_contrarian": {
      "policy": "rsi_contrarian",
      "num_episodes": 20,
      "total_return": -0.1697341151851481,
      "mean_episode_return": -0.008486705759257406,
      "std_episode_return": 0.017760199537099973,
      "sharpe_ratio": -7.585628587878281,
      "max_drawdown": 0.2099926113932029,
      "mean_episode_length": 209.0,
      "mean_trades_per_episode": 6.0,
      "total_trades": 120,
      "mean_reward_per_step": -4.0606247651949306e-05,
      "std_reward_per_step": 0.0013878241467704224,
      "episode_returns": [
        -0.008875740612054869,
        0.0013189176345208588,
        -0.010590778905495198,
        -0.0007228720376274388,
        0.01776492057693713,
        0.025485968009590576,
        -0.019351887654366236,
        -0.029777664014048244,
        -0.01798208602060913,
        -0.003342324971256857,
        -0.0007228720376274388,
        -0.008403998935150866,
        -0.028900149347023674,
        -0.016808616093626823,
        -0.000258898117138414,
        -0.029777664014048244,
        -0.002211125315582648,
        -0.05245532487272431,
        0.012224613340819816,
        0.003653468201363922
      ]
    }
  },
  "kill_tests": {
    "tests": {
      "flat_sharpe_zero": {
        "test": "FLAT policy Sharpe \u2248 0 (no look-ahead bias)",
        "condition": "abs(sharpe) < 0.1",
        "value": 0.0,
        "total_return": 0.0,
        "status": "PASS",
        "message": "No look-ahead bias detected"
      },
      "random_negative": {
        "test": "Random policy Sharpe < 0 (transaction costs work)",
        "condition": "sharpe < 0 AND total_return < 0",
        "sharpe": -996.1104121865129,
        "total_return": -24.10457255940797,
        "status": "PASS",
        "message": "Transaction costs correctly dominate random trading"
      }
    },
    "overall_status": "PASS",
    "timestamp": "2026-01-02T17:01:15.695679"
  },
  "timestamp": "2026-01-02T17:01:15.695772"
}